tell,0.072
played,0.0715
left,0.0705
actor,0.0705
mean,0.0705
horrible,0.07
worth,0.07
simply,0.0695
set,0.0695
day,0.0675
line,0.0675
try,0.067
lines,0.0655
understand,0.0655
guess,0.065
doing,0.065
dialogue,0.0645
piece,0.0645
series,0.0645
low,0.064
budget,0.064
unfortunately,0.0635
production,0.0635
entire,0.063
especially,0.0625
job,0.0625
takes,0.062
mind,0.062
start,0.0615
absolutely,0.0615
obviously,0.061
play,0.0605
getting,0.0605
dead,0.06
couple,0.06
thinking,0.06
save,0.06
person,0.06
book,0.0595
id,0.0595
performance,0.059
direction,0.0585
short,0.0585
help,0.0585
oh,0.0585
written,0.0585
camera,0.0585
fan,0.057
enjoy,0.0565
wife,0.0565
night,0.056
dvd,0.056
black,0.0555
star,0.055
true,0.055
plays,0.0545
fun,0.0545
example,0.0545
name,0.0545
crap,0.054
hollywood,0.054
wonder,0.054
truly,0.054
recommend,0.0535
american,0.0535
wouldnt,0.0535
care,0.053
except,0.053
yes,0.053
writing,0.053
nice,0.0525
hour,0.0525
home,0.0525
hope,0.0525
decent,0.0515
sort,0.0515
family,0.0515
call,0.0515
women,0.0515
moments,0.051
ok,0.051
totally,0.051
death,0.0505
stars,0.0505
playing,0.0505
live,0.0505
dull,0.05
head,0.05
flick,0.0495
lost,0.0495
attempt,0.0495
predictable,0.049
beginning,0.049
video,0.0485
version,0.0485
laugh,0.0485
sex,0.0485
looked,0.048
ridiculous,0.048
sound,0.0475
please,0.0475
starts,0.047
happened,0.047
obvious,0.047
finally,0.047
tries,0.047
friends,0.0465
hell,0.0465
days,0.0465
act,0.0465
called,0.0465
lead,0.0465
liked,0.046
run,0.046
themselves,0.046
close,0.046
kids,0.046
lack,0.0455
ill,0.0455
guys,0.0455
annoying,0.0455
entertaining,0.045
anyway,0.045
wont,0.045
kill,0.045
school,0.045
leave,0.045
involved,0.0445
silly,0.0445
stuff,0.0445
expect,0.0445
poorly,0.0445
saying,0.0445
past,0.044
complete,0.044
style,0.0435
despite,0.0435
house,0.0435
avoid,0.0435
human,0.0435
quality,0.0435
directed,0.043
title,0.043
evil,0.043
based,0.043
youll,0.043
shes,0.043
weak,0.0425
apparently,0.0425
fans,0.0425
slow,0.042
happens,0.042
cheap,0.042
theyre,0.042
etc,0.0415
itbr,0.0415
remember,0.0415
heard,0.0415
jokes,0.0415
final,0.0415
single,0.0415
john,0.0415
exactly,0.041
able,0.041
ones,0.041
lame,0.041
performances,0.0405
fight,0.0405
hand,0.0405
wasted,0.0405
killed,0.0405
hours,0.04
mess,0.04
whats,0.04
stop,0.04
basically,0.04
happen,0.04
cut,0.0395
sorry,0.0395
seriously,0.0395
extremely,0.0395
disappointed,0.039
actress,0.039
rating,0.039
unless,0.039
words,0.039
review,0.039
doubt,0.039
top,0.039
yourself,0.038
matter,0.038
cinema,0.038
running,0.0375
directors,0.0375
feeling,0.0375
eyes,0.0375
tried,0.037
humor,0.037
flat,0.037
police,0.037
picture,0.037
friend,0.037
classic,0.0365
badly,0.0365
bunch,0.0365
moviebr,0.0365
blood,0.0365
shots,0.036
using,0.036
mother,0.036
car,0.036
talent,0.036
started,0.036
killer,0.036
boy,0.036
beyond,0.0355
usually,0.0355
throughout,0.0355
dark,0.035
kid,0.035
serious,0.035
storyline,0.035
type,0.035
wish,0.035
expected,0.0345
god,0.0345
major,0.0345
chance,0.0345
none,0.0345
overall,0.0345
word,0.0345
white,0.0345
level,0.0345
arent,0.034
art,0.034
dialog,0.034
beautiful,0.034
total,0.034
shown,0.034
viewer,0.034
potential,0.034
daughter,0.0335
otherwise,0.0335
whatever,0.0335
effort,0.0335
stay,0.0335
hit,0.0335
somewhat,0.0335
father,0.0335
body,0.033
write,0.033
children,0.033
mention,0.033
imagine,0.033
michael,0.0325
ten,0.0325
plain,0.0325
definitely,0.0325
okay,0.0325
forced,0.0325
spent,0.0325
minute,0.0325
scary,0.0325
talking,0.032
lives,0.032
usual,0.032
particularly,0.032
falls,0.032
history,0.032
possibly,0.032
premise,0.032
sit,0.0315
drama,0.0315
rent,0.0315
coming,0.0315
cheesy,0.0315
fails,0.0315
means,0.031
bored,0.031
girls,0.031
due,0.031
feels,0.031
episode,0.031
easily,0.031
pointless,0.031
soon,0.031
huge,0.0305
straight,0.0305
male,0.0305
figure,0.0305
murder,0.0305
cool,0.0305
child,0.0305
actual,0.0305
sets,0.0305
add,0.03
late,0.03
somehow,0.03
move,0.03
gore,0.03
violence,0.03
stories,0.03
walk,0.03
opinion,0.03
credits,0.0295
appears,0.0295
sad,0.0295
moment,0.0295
imdb,0.0295
killing,0.0295
giving,0.0295
laughable,0.0295
fine,0.0295
hear,0.0295
comments,0.0295
dumb,0.0295
lee,0.029
forget,0.029
writers,0.029
change,0.029
female,0.029
whos,0.029
writer,0.029
nor,0.029
redeeming,0.029
genre,0.029
shame,0.0285
excellent,0.0285
ago,0.0285
sequences,0.0285
bring,0.0285
filmmakers,0.0285
roles,0.0285
career,0.028
english,0.028
cinematography,0.028
score,0.028
editing,0.028
kept,0.028
wait,0.028
failed,0.0275
utterly,0.0275
experience,0.0275
taking,0.0275
previous,0.0275
apart,0.0275
joke,0.0275
admit,0.0275
game,0.0275
third,0.0275
enjoyed,0.027
strange,0.027
hilarious,0.027
hot,0.027
leads,0.027
sometimes,0.027
pay,0.027
appear,0.027
elements,0.027
bother,0.027
filmed,0.027
begin,0.027
james,0.0265
son,0.0265
lots,0.0265
bottom,0.0265
viewers,0.0265
directing,0.0265
miss,0.0265
talk,0.0265
stand,0.0265
pathetic,0.0265
told,0.0265
filmbr,0.0265
die,0.0265
concept,0.0265
tom,0.0265
middle,0.026
theater,0.026
message,0.026
earlier,0.026
development,0.026
producers,0.026
nearly,0.026
youve,0.026
perfect,0.026
reviews,0.026
loved,0.026
decided,0.026
husband,0.026
buy,0.026
age,0.026
odd,0.0255
near,0.0255
heart,0.0255
five,0.0255
pure,0.0255
fall,0.0255
acted,0.0255
sister,0.0255
free,0.0255
including,0.025
sequel,0.025
incredibly,0.025
laughs,0.025
mediocre,0.025
strong,0.025
difficult,0.025
songs,0.025
living,0.025
expecting,0.025
nudity,0.025
novel,0.025
british,0.025
space,0.025
local,0.025
ideas,0.0245
comic,0.0245
country,0.0245
class,0.0245
havent,0.0245
entertainment,0.0245
hero,0.0245
compared,0.0245
average,0.0245
revenge,0.0245
explain,0.0245
meant,0.0245
footage,0.024
plenty,0.024
biggest,0.024
wrote,0.024
voice,0.024
reading,0.024
features,0.024
sequence,0.0235
fast,0.0235
screenplay,0.0235
names,0.0235
eventually,0.0235
gone,0.0235
box,0.0235
werent,0.0235
neither,0.0235
disappointment,0.0235
cop,0.0235
feature,0.0235
common,0.0235
honestly,0.0235
comment,0.0235
crime,0.0235
van,0.0235
war,0.0235
named,0.0235
george,0.023
leading,0.023
happy,0.023
view,0.023
basic,0.023
positive,0.023
typical,0.023
amount,0.023
rate,0.023
deal,0.023
hands,0.023
computer,0.023
value,0.023
waiting,0.023
sounds,0.023
casting,0.023
quickly,0.023
fake,0.023
sitting,0.0225
paid,0.0225
subject,0.0225
attempts,0.0225
earth,0.0225
missing,0.0225
check,0.0225
considering,0.0225
similar,0.0225
released,0.0225
hate,0.0225
lady,0.0225
air,0.022
reasons,0.022
public,0.022
truth,0.022
accent,0.022
power,0.022
leaves,0.022
wonderful,0.022
city,0.022
forward,0.022
plus,0.022
garbage,0.022
result,0.022
sick,0.022
inside,0.0215
barely,0.0215
favorite,0.0215
wooden,0.0215
light,0.0215
talented,0.0215
create,0.0215
learn,0.0215
question,0.0215
begins,0.0215
kills,0.0215
situation,0.0215
yeah,0.0215
outside,0.0215
richard,0.0215
sadly,0.0215
cover,0.0215
soundtrack,0.0215
disappointing,0.0215
values,0.021
suspense,0.021
stick,0.021
eye,0.021
lacks,0.021
viewing,0.021
expectations,0.021
created,0.021
bizarre,0.021
trash,0.021
tells,0.021
hardly,0.021
effect,0.021
consider,0.021
hoping,0.021
attention,0.021
filming,0.021
cause,0.021
red,0.0205
brother,0.0205
theme,0.0205
deserves,0.0205
weird,0.0205
romance,0.0205
spoilers,0.0205
documentary,0.0205
surprise,0.0205
whatsoever,0.0205
excuse,0.0205
relationship,0.0205
hair,0.0205
thriller,0.02
crew,0.02
slightly,0.02
mistake,0.02
romantic,0.02
painful,0.02
highly,0.02
york,0.02
supporting,0.02
gay,0.02
youd,0.02
credit,0.02
future,0.02
spend,0.02
fighting,0.02
unbelievable,0.02
holes,0.02
entirely,0.02
realize,0.02
appeared,0.02
former,0.02
makeup,0.02
fair,0.02
th,0.02
david,0.02
form,0.0195
front,0.0195
towards,0.0195
material,0.0195
surely,0.0195
speak,0.0195
fire,0.0195
st,0.0195
events,0.0195
boys,0.0195
literally,0.0195
musical,0.0195
honest,0.0195
convincing,0.0195
church,0.0195
bland,0.019
audiences,0.019
pretentious,0.019
agree,0.019
copy,0.019
surprised,0.019
believable,0.019
managed,0.019
unnecessary,0.019
meet,0.019
throw,0.019
enjoyable,0.019
shooting,0.019
thin,0.019
naked,0.019
tired,0.019
gun,0.019
hey,0.019
television,0.019
mystery,0.019
setting,0.019
manages,0.019
fell,0.019
reality,0.019
particular,0.019
plan,0.0185
missed,0.0185
ultimately,0.0185
amusing,0.0185
business,0.0185
notice,0.0185
moving,0.0185
king,0.0185
aside,0.0185
zero,0.0185
return,0.0185
background,0.0185
amazing,0.0185
insult,0.0185
sexual,0.0185
team,0.0185
famous,0.0185
modern,0.0185
attack,0.0185
fit,0.0185
wondering,0.0185
disturbing,0.0185
deep,0.0185
period,0.018
robert,0.018
makers,0.018
whom,0.018
decide,0.018
rock,0.018
baby,0.018
choice,0.018
crazy,0.018
conclusion,0.018
list,0.018
hold,0.018
animation,0.018
situations,0.018
america,0.018
explained,0.018
street,0.018
channel,0.018
following,0.018
town,0.018
cute,0.018
exception,0.018
books,0.018
pace,0.0175
meaning,0.0175
meets,0.0175
brain,0.0175
project,0.0175
shock,0.0175
filled,0.0175
la,0.0175
telling,0.0175
likes,0.0175
decides,0.0175
note,0.0175
rated,0.0175
confusing,0.0175
shoot,0.0175
various,0.0175
easy,0.0175
involving,0.0175
dog,0.0175
priest,0.0175
cgi,0.0175
popular,0.017
island,0.017
wow,0.017
brilliant,0.017
blame,0.017
brief,0.017
produced,0.017
office,0.017
besides,0.017
intelligence,0.017
climax,0.017
laughing,0.017
rubbish,0.017
speaking,0.017
food,0.017
release,0.017
follow,0.017
peter,0.017
impossible,0.017
laughed,0.017
questions,0.017
answer,0.017
portrayed,0.017
unfunny,0.017
self,0.0165
woods,0.0165
walking,0.0165
finish,0.0165
sat,0.0165
stock,0.0165
suddenly,0.0165
week,0.0165
match,0.0165
pieces,0.0165
brings,0.0165
break,0.0165
clich,0.0165
unlike,0.0165
company,0.0165
simple,0.0165
bar,0.0165
victims,0.0165
suspect,0.0165
secret,0.0165
society,0.0165
lousy,0.0165
scifi,0.0165
opportunity,0.016
depth,0.016
parents,0.016
clever,0.016
considered,0.016
monster,0.016
song,0.016
escape,0.016
damn,0.016
listen,0.016
describe,0.016
mentioned,0.016
terribly,0.016
brought,0.016
indeed,0.016
thrown,0.016
focus,0.016
aspect,0.016
glad,0.016
personal,0.016
appearance,0.016
attractive,0.016
william,0.016
disaster,0.0155
recently,0.0155
embarrassing,0.0155
sexy,0.0155
timebr,0.0155
utter,0.0155
dreadful,0.0155
industry,0.0155
hated,0.0155
impression,0.0155
starring,0.0155
scenery,0.0155
direct,0.0155
presence,0.0155
leaving,0.0155
sucks,0.0155
respect,0.0155
dream,0.0155
picked,0.0155
taste,0.0155
serial,0.0155
store,0.0155
mark,0.0155
died,0.0155
saved,0.0155
stage,0.0155
appeal,0.0155
door,0.0155
suppose,0.0155
fairly,0.0155
jack,0.015
desperate,0.015
extreme,0.015
ability,0.015
nature,0.015
finished,0.015
giant,0.015
realistic,0.015
fiction,0.015
thisbr,0.015
successful,0.015
dance,0.015
crappy,0.015
wearing,0.015
constantly,0.015
adaptation,0.015
bought,0.015
purpose,0.015
explanation,0.015
fat,0.015
eat,0.015
rented,0.015
fear,0.015
festival,0.015
mildly,0.015
followed,0.0145
rich,0.0145
merely,0.0145
equally,0.0145
suit,0.0145
double,0.0145
floor,0.0145
memorable,0.0145
girlfriend,0.0145
force,0.0145
villain,0.0145
prove,0.0145
sign,0.0145
tale,0.0145
mysterious,0.0145
loose,0.0145
government,0.0145
knowing,0.0145
spoiler,0.0145
build,0.0145
random,0.0145
clichs,0.0145
changed,0.0145
creepy,0.0145
normal,0.0145
flicks,0.0145
bits,0.0145
according,0.0145
amateurish,0.0145
images,0.0145
exciting,0.0145
success,0.0145
hadnt,0.0145
alright,0.014
plane,0.014
shouldnt,0.014
christopher,0.014
chemistry,0.014
law,0.014
season,0.014
intelligent,0.014
sleep,0.014
million,0.014
junk,0.014
accept,0.014
nonsense,0.014
falling,0.014
cult,0.014
added,0.014
alive,0.014
battle,0.014
edited,0.014
shallow,0.014
twice,0.014
apparent,0.014
jane,0.014
pass,0.014
train,0.014
disney,0.014
suggest,0.014
ready,0.014
murders,0.014
thank,0.014
lighting,0.014
married,0.014
steven,0.014
unconvincing,0.014
offensive,0.014
remake,0.014
charles,0.014
intended,0.014
ugly,0.014
bloody,0.014
billy,0.014
tension,0.0135
familiar,0.0135
water,0.0135
bodies,0.0135
lacking,0.0135
hurt,0.0135
afraid,0.0135
torture,0.0135
artistic,0.0135
shocking,0.0135
pacing,0.0135
thatbr,0.0135
empty,0.0135
road,0.0135
continuity,0.0135
independent,0.0135
manage,0.0135
mainly,0.0135
beat,0.0135
recent,0.0135
warned,0.0135
political,0.0135
episodes,0.0135
changes,0.0135
realized,0.0135
supposedly,0.0135
affair,0.0135
caught,0.0135
figured,0.0135
grade,0.0135
horribly,0.0135
gang,0.0135
hasnt,0.0135
offer,0.0135
band,0.0135
matters,0.0135
news,0.0135
emotional,0.0135
heres,0.0135
universal,0.0135
frankly,0.0135
oscar,0.013
pictures,0.013
social,0.013
watchable,0.013
bed,0.013
saving,0.013
twist,0.013
adult,0.013
fill,0.013
fights,0.013
thanks,0.013
kinda,0.013
types,0.013
thembr,0.013
sky,0.013
absurd,0.013
clothes,0.013
essentially,0.013
theatre,0.013
western,0.013
issues,0.013
stopped,0.013
contains,0.013
detective,0.013
zombie,0.013
fellow,0.013
filmmaker,0.013
willing,0.013
pull,0.013
atmosphere,0.013
blue,0.013
jones,0.013
aspects,0.013
bill,0.013
finding,0.013
mouth,0.013
accents,0.013
sea,0.0125
control,0.0125
land,0.0125
critics,0.0125
loud,0.0125
ahead,0.0125
endless,0.0125
german,0.0125
teenage,0.0125
ghost,0.0125
failure,0.0125
proves,0.0125
standards,0.0125
trip,0.0125
moves,0.0125
unrealistic,0.0125
childhood,0.0125
addition,0.0125
allow,0.0125
crying,0.0125
seemingly,0.0125
promise,0.0125
suicide,0.0125
warning,0.0125
disgusting,0.0125
victim,0.0125
visual,0.0125
fashion,0.0125
intriguing,0.0125
onto,0.0125
six,0.0125
japanese,0.0125
ruined,0.0125
sake,0.0125
lesbian,0.0125
perfectly,0.0125
catch,0.0125
count,0.0125
de,0.0125
acts,0.0125
forgettable,0.0125
mission,0.0125
below,0.0125
normally,0.0125
army,0.0125
super,0.0125
compare,0.0125
animal,0.0125
soldiers,0.0125
filmmaking,0.0125
met,0.0125
tedious,0.0125
flashbacks,0.012
process,0.012
italian,0.012
mindless,0.012
party,0.012
location,0.012
routine,0.012
costumes,0.012
include,0.012
cinematic,0.012
cartoon,0.012
reminded,0.012
irritating,0.012
personally,0.012
narrative,0.012
test,0.012
color,0.012
professional,0.012
offers,0.012
costs,0.012
drive,0.012
themes,0.012
planet,0.012
central,0.012
worthy,0.012
carry,0.012
rape,0.012
hopes,0.012
student,0.012
ladies,0.012
ground,0.012
search,0.012
grave,0.012
putting,0.012
appreciate,0.012
element,0.012
bothered,0.012
violent,0.012
historical,0.012
animals,0.012
drawn,0.012
date,0.012
immediately,0.012
soldier,0.012
century,0.012
mom,0.012
excited,0.012
atrocious,0.012
freddy,0.012
entertained,0.0115
pick,0.0115
track,0.0115
mary,0.0115
marriage,0.0115
energy,0.0115
scott,0.0115
emotion,0.0115
grace,0.0115
science,0.0115
concerned,0.0115
anil,0.0115
amateur,0.0115
sweet,0.0115
allowed,0.0115
lower,0.0115
ashamed,0.0115
stupidity,0.0115
reach,0.0115
vision,0.0115
wasting,0.0115
fail,0.0115
cat,0.0115
smart,0.0115
code,0.0115
edge,0.0115
fly,0.0115
promising,0.0115
tone,0.0115
manner,0.0115
exact,0.0115
confused,0.0115
sucked,0.0115
renting,0.0115
faith,0.0115
ms,0.0115
stereotypes,0.0115
available,0.0115
producer,0.0115
innocent,0.0115
masterpiece,0.0115
doctor,0.0115
partner,0.0115
negative,0.0115
rental,0.0115
gratuitous,0.0115
angry,0.0115
killers,0.0115
driving,0.0115
building,0.0115
imagination,0.0115
ie,0.0115
agent,0.0115
bet,0.0115
chase,0.0115
dr,0.0115
england,0.0115
belief,0.0115
gonna,0.0115
circumstances,0.0115
russian,0.0115
excitement,0.011
convinced,0.011
becoming,0.011
included,0.011
happening,0.011
roll,0.011
folks,0.011
limited,0.011
fare,0.011
heavy,0.011
effective,0.011
motion,0.011
dirty,0.011
mood,0.011
green,0.011
mental,0.011
spirit,0.011
humans,0.011
downright,0.011
delivered,0.011
moon,0.011
nightmare,0.011
moral,0.011
asleep,0.011
provide,0.011
reviewers,0.011
christian,0.011
led,0.011
comparison,0.011
efforts,0.011
spot,0.011
porn,0.011
genuinely,0.011
pile,0.011
details,0.011
radio,0.011
allbr,0.011
steve,0.011
nasty,0.011
appalling,0.011
camp,0.011
sent,0.011
retarded,0.011
cameo,0.011
cold,0.011
key,0.011
french,0.011
clue,0.011
knowledge,0.011
rob,0.011
comedic,0.011
whilst,0.011
drugs,0.011
lowbudget,0.011
ridiculously,0.011
photography,0.011
dying,0.011
brothers,0.011
cable,0.011
tough,0.011
twists,0.011
lord,0.011
hits,0.0105
guns,0.0105
chose,0.0105
language,0.0105
painfully,0.0105
susan,0.0105
quick,0.0105
delivers,0.0105
shut,0.0105
haunted,0.0105
deserve,0.0105
sell,0.0105
mix,0.0105
drop,0.0105
starting,0.0105
standard,0.0105
dressed,0.0105
hidden,0.0105
feet,0.0105
granted,0.0105
dies,0.0105
alan,0.0105
instance,0.0105
socalled,0.0105
sam,0.0105
develop,0.0105
dramatic,0.0105
existence,0.0105
executed,0.0105
window,0.0105
commercial,0.0105
terms,0.0105
capture,0.0105
subtle,0.0105
peoples,0.0105
west,0.0105
comedies,0.0105
screenwriter,0.0105
paint,0.0105
incoherent,0.0105
support,0.0105
jr,0.0105
soap,0.0105
stands,0.0105
virtually,0.0105
cash,0.0105
exist,0.0105
revealed,0.0105
suffers,0.0105
minor,0.0105
heck,0.0105
evidence,0.0105
awkward,0.0105
silent,0.0105
advice,0.0105
gotten,0.0105
genius,0.0105
damme,0.0105
gags,0.0105
joe,0.01
design,0.01
flying,0.01
rescue,0.01
dancing,0.01
lived,0.01
rarely,0.01
deliver,0.01
visuals,0.01
boredom,0.01
race,0.01
unwatchable,0.01
akshay,0.01
kareena,0.01
boat,0.01
fault,0.01
technical,0.01
graphics,0.01
trailer,0.01
proper,0.01
beauty,0.01
held,0.01
psycho,0.01
canadian,0.01
whenever,0.01
bear,0.01
humanity,0.01
edward,0.01
journey,0.01
step,0.01
includes,0.01
convince,0.01
destroy,0.01
magic,0.01
helped,0.01
culture,0.01
embarrassment,0.01
trouble,0.01
trust,0.01
treat,0.01
zombies,0.01
creative,0.01
european,0.01
favor,0.01
anymore,0.01
mad,0.01
london,0.01
players,0.01
dire,0.01
soul,0.01
fantastic,0.01
pain,0.01
jump,0.01
uninteresting,0.01
laughter,0.01
al,0.01
contrived,0.01
ben,0.01
captain,0.01
superb,0.01
justice,0.01
natural,0.01
halfway,0.01
humour,0.01
lies,0.01
alice,0.01
drunk,0.0095
gas,0.0095
forgotten,0.0095
loses,0.0095
brutal,0.0095
speaks,0.0095
funnier,0.0095
hopefully,0.0095
twenty,0.0095
boyfriend,0.0095
thomas,0.0095
washington,0.0095
powerful,0.0095
ripped,0.0095
club,0.0095
era,0.0095
againbr,0.0095
kapoor,0.0095
ordinary,0.0095
content,0.0095
share,0.0095
boss,0.0095
current,0.0095
win,0.0095
field,0.0095
scripts,0.0095
pleasure,0.0095
delivery,0.0095
impressed,0.0095
stephen,0.0095
statement,0.0095
assume,0.0095
presumably,0.0095
flight,0.0095
required,0.0095
ii,0.0095
kiss,0.0095
community,0.0095
references,0.0095
kick,0.0095
remotely,0.0095
claim,0.0095
born,0.0095
officer,0.0095
snake,0.0095
loves,0.0095
wall,0.0095
noticed,0.0095
forever,0.0095
personality,0.0095
obnoxious,0.0095
bruce,0.0095
passing,0.0095
costume,0.0095
charm,0.0095
consists,0.0095
display,0.0095
follows,0.0095
park,0.0095
stuck,0.0095
reviewer,0.0095
smile,0.0095
cars,0.0095
christmas,0.0095
college,0.0095
jim,0.0095
heads,0.0095
produce,0.0095
alex,0.0095
protagonist,0.0095
holding,0.0095
practically,0.0095
attacked,0.0095
gray,0.0095
demon,0.0095
outbr,0.009
runs,0.009
understanding,0.009
curiosity,0.009
engaging,0.009
blockbuster,0.009
outstanding,0.009
compelling,0.009
creature,0.009
waybr,0.009
implausible,0.009
teeth,0.009
indian,0.009
actions,0.009
foreign,0.009
range,0.009
loss,0.009
research,0.009
pity,0.009
creating,0.009
cost,0.009
player,0.009
religious,0.009
aliens,0.009
curse,0.009
suck,0.009
studio,0.009
anthony,0.009
phone,0.009
continue,0.009
president,0.009
originally,0.009
calls,0.009
sloppy,0.009
hotel,0.009
featuring,0.009
built,0.009
difference,0.009
charming,0.009
kane,0.009
inept,0.009
memory,0.009
wild,0.009
ride,0.009
introduced,0.009
sheer,0.009
gold,0.009
latter,0.009
ed,0.009
cops,0.009
fate,0.009
mistakes,0.009
trite,0.009
buying,0.009
fred,0.009
ass,0.009
tears,0.009
drink,0.009
plastic,0.009
friday,0.009
site,0.009
complex,0.009
dogs,0.009
quiet,0.009
significant,0.009
chick,0.009
reaction,0.009
witch,0.009
wars,0.009
bigger,0.009
event,0.009
offended,0.009
raped,0.009
clichd,0.009
hype,0.009
religion,0.009
accident,0.009
basketball,0.009
extra,0.0085
board,0.0085
danger,0.0085
adventure,0.0085
uninspired,0.0085
ripoff,0.0085
relief,0.0085
caused,0.0085
term,0.0085
results,0.0085
actresses,0.0085
charlie,0.0085
bag,0.0085
dimensional,0.0085
flaws,0.0085
paul,0.0085
isbr,0.0085
talents,0.0085
slowly,0.0085
himbr,0.0085
blown,0.0085
treated,0.0085
substance,0.0085
setup,0.0085
regarding,0.0085
heroes,0.0085
machine,0.0085
worthless,0.0085
target,0.0085
award,0.0085
cry,0.0085
hill,0.0085
insane,0.0085
approach,0.0085
theyve,0.0085
lover,0.0085
discovered,0.0085
explaining,0.0085
round,0.0085
bright,0.0085
ran,0.0085
reporter,0.0085
absolute,0.0085
villains,0.0085
ball,0.0085
military,0.0085
achieve,0.0085
focused,0.0085
tragedy,0.0085
chosen,0.0085
seat,0.0085
theaters,0.0085
moved,0.0085
meaningless,0.0085
hanging,0.0085
lowest,0.0085
logic,0.0085
proof,0.0085
critical,0.0085
eating,0.0085
overly,0.0085
revolves,0.0085
artist,0.0085
prior,0.0085
fifteen,0.0085
adam,0.0085
drivel,0.0085
pilot,0.0085
snakes,0.0085
naturally,0.0085
frank,0.0085
opera,0.0085
slasher,0.0085
gag,0.0085
adults,0.0085
portrayal,0.0085
surprisingly,0.0085
unique,0.0085
commentary,0.0085
aint,0.0085
claims,0.0085
impressive,0.0085
scream,0.0085
exploitation,0.0085
described,0.0085
treatment,0.0085
blonde,0.0085
marry,0.0085
nonexistent,0.0085
bank,0.0085
national,0.0085
destroyed,0.0085
rip,0.0085
behavior,0.0085
sum,0.0085
pregnant,0.0085
stereotype,0.0085
accidentally,0.0085
fantasy,0.0085
stinker,0.0085
overrated,0.0085
judging,0.0085
andy,0.0085
standing,0.0085
robot,0.0085
snipes,0.0085
theatrical,0.008
sequels,0.008
bergman,0.008
lying,0.008
walked,0.008
connection,0.008
pretend,0.008
parody,0.008
paper,0.008
relationships,0.008
south,0.008
drinking,0.008
rise,0.008
accurate,0.008
fresh,0.008
kumar,0.008
saif,0.008
incredible,0.008
factor,0.008
sorts,0.008
finale,0.008
stolen,0.008
funnybr,0.008
betterbr,0.008
image,0.008
reminds,0.008
visually,0.008
handle,0.008
paying,0.008
luck,0.008
spending,0.008
sight,0.008
couldve,0.008
opposite,0.008
survive,0.008
issue,0.008
storytelling,0.008
hurts,0.008
unintentionally,0.008
powers,0.008
disbelief,0.008
truck,0.008
served,0.008
weve,0.008
believes,0.008
thoroughly,0.008
dozen,0.008
dealing,0.008
asian,0.008
mask,0.008
relate,0.008
sing,0.008
portray,0.008
buried,0.008
murdered,0.008
cruise,0.008
monsters,0.008
pulled,0.008
dude,0.008
responsible,0.008
hed,0.008
ship,0.008
strictly,0.008
mebr,0.008
wolf,0.008
remain,0.008
par,0.008
horrendous,0.008
dollar,0.008
seagal,0.008
information,0.008
post,0.008
send,0.008
flies,0.008
teenagers,0.008
proved,0.008
mexican,0.008
numerous,0.008
singing,0.008
breaks,0.008
remote,0.008
recommended,0.008
humorous,0.008
months,0.008
technology,0.008
remains,0.008
grown,0.008
forgot,0.008
scare,0.008
miserably,0.008
forth,0.008
epic,0.008
keeping,0.008
spends,0.008
mine,0.008
solid,0.008
dry,0.008
record,0.008
capable,0.008
uk,0.008
dreams,0.008
catholic,0.008
stereotypical,0.008
memories,0.008
horrid,0.008
helps,0.008
funniest,0.008
forest,0.008
angels,0.008
americans,0.008
mate,0.008
roberts,0.008
model,0.0075
cross,0.0075
judge,0.0075
screening,0.0075
cheese,0.0075
cultural,0.0075
brian,0.0075
shop,0.0075
properly,0.0075
stunning,0.0075
devoid,0.0075
matrix,0.0075
teach,0.0075
locations,0.0075
handled,0.0075
overdone,0.0075
speech,0.0075
competent,0.0075
queen,0.0075
desert,0.0075
unable,0.0075
loosely,0.0075
overthetop,0.0075
wore,0.0075
hitting,0.0075
replaced,0.0075
saves,0.0075
scientist,0.0075
depressing,0.0075
writerdirector,0.0075
appropriate,0.0075
lazy,0.0075
aimed,0.0075
elsewhere,0.0075
page,0.0075
interview,0.0075
learned,0.0075
irrelevant,0.0075
burn,0.0075
ps,0.0075
vote,0.0075
unfortunate,0.0075
received,0.0075
category,0.0075
examples,0.0075
grow,0.0075
agreed,0.0075
curious,0.0075
blows,0.0075
gross,0.0075
inane,0.0075
kidding,0.0075
nation,0.0075
shower,0.0075
physically,0.0075
voodoo,0.0075
returns,0.0075
station,0.0075
warn,0.0075
insulting,0.0075
lose,0.0075
herebr,0.0075
uncle,0.0075
plans,0.0075
protagonists,0.0075
batman,0.0075
miscast,0.0075
vs,0.0075
wedding,0.0075
saturday,0.0075
purely,0.0075
worsebr,0.0075
skip,0.0075
qualities,0.0075
mans,0.0075
whoever,0.0075
covered,0.0075
chris,0.0075
execution,0.0075
onebr,0.0075
guilty,0.0075
rushed,0.0075
media,0.0075
prison,0.0075
calling,0.0075
majority,0.0075
surrounding,0.0075
designed,0.0075
directly,0.0075
connected,0.0075
unknown,0.0075
cutting,0.0075
jesus,0.0075
idiotic,0.0075
market,0.0075
corny,0.0075
deaths,0.0075
feelings,0.0075
crude,0.0075
martin,0.0075
idiots,0.0075
system,0.0075
jason,0.0075
academy,0.0075
passion,0.0075
leader,0.0075
versions,0.007
flesh,0.007
choices,0.007
skills,0.007
remind,0.007
goldberg,0.007
load,0.007
clumsy,0.007
southern,0.007
tea,0.007
tarantino,0.007
appearing,0.007
product,0.007
tashan,0.007
heavily,0.007
unintentional,0.007
trailers,0.007
broken,0.007
gangster,0.007
lesson,0.007
spare,0.007
flashback,0.007
stunts,0.007
developed,0.007
stunt,0.007
repetitive,0.007
improved,0.007
swear,0.007
dad,0.007
bible,0.007
minds,0.007
constant,0.007
blind,0.007
section,0.007
cuts,0.007
apartment,0.007
bathroom,0.007
murderer,0.007
bucks,0.007
signs,0.007
onbr,0.007
fourth,0.007
breasts,0.007
highlight,0.007
emotions,0.007
holds,0.007
spoof,0.007
likable,0.007
campy,0.007
kate,0.007
smoking,0.007
wood,0.007
ratings,0.007
indie,0.007
carrying,0.007
multiple,0.007
amongst,0.007
animated,0.007
barry,0.007
harry,0.007
hiding,0.007
resembles,0.007
desperately,0.007
theyd,0.007
hole,0.007
dvds,0.007
morning,0.007
suffer,0.007
students,0.007
secondly,0.007
drag,0.007
bomb,0.007
bore,0.007
silver,0.007
unusual,0.007
basis,0.007
jackson,0.007
upset,0.007
listening,0.007
buddy,0.007
won,0.007
viewed,0.007
hearing,0.007
todays,0.007
ally,0.007
formula,0.007
throwing,0.007
shadows,0.007
admittedly,0.007
allows,0.007
core,0.007
contact,0.007
village,0.007
farce,0.007
meat,0.007
repeated,0.007
waited,0.007
meeting,0.007
cameras,0.007
moore,0.007
scared,0.007
citizen,0.007
stayed,0.007
creatures,0.007
ages,0.007
nicely,0.007
muslim,0.007
comical,0.007
crash,0.007
childrens,0.007
strangely,0.007
japan,0.007
listed,0.007
fathers,0.007
expensive,0.007
werewolf,0.007
savini,0.007
shaq,0.007
denzel,0.007
graham,0.007
necessarily,0.0065
trapped,0.0065
dress,0.0065
slap,0.0065
sympathy,0.0065
struggling,0.0065
insight,0.0065
excruciatingly,0.0065
hackneyed,0.0065
teens,0.0065
guessed,0.0065
supernatural,0.0065
international,0.0065
sin,0.0065
badbr,0.0065
occasional,0.0065
extent,0.0065
motivation,0.0065
mountain,0.0065
touching,0.0065
surprising,0.0065
pop,0.0065
till,0.0065
tunes,0.0065
bullets,0.0065
preview,0.0065
attempting,0.0065
producing,0.0065
eg,0.0065
size,0.0065
tend,0.0065
provides,0.0065
abysmal,0.0065
shoddy,0.0065
welcome,0.0065
hundred,0.0065
obsession,0.0065
thousand,0.0065
remembered,0.0065
meanwhile,0.0065
hired,0.0065
causes,0.0065
alien,0.0065
technically,0.0065
paced,0.0065
meaningful,0.0065
touches,0.0065
previously,0.0065
contain,0.0065
fired,0.0065
sounded,0.0065
press,0.0065
talks,0.0065
lights,0.0065
initial,0.0065
winning,0.0065
professor,0.0065
amazed,0.0065
gary,0.0065
author,0.0065
destroying,0.0065
collection,0.0065
wouldve,0.0065
legend,0.0065
false,0.0065
chest,0.0065
teacher,0.0065
deeply,0.0065
clean,0.0065
seek,0.0065
express,0.0065
hide,0.0065
levels,0.0065
disturbed,0.0065
soft,0.0065
unexpected,0.0065
wealthy,0.0065
wanna,0.0065
table,0.0065
fits,0.0065
afford,0.0065
proud,0.0065
embarrassed,0.0065
task,0.0065
vague,0.0065
native,0.0065
placed,0.0065
videos,0.0065
subpar,0.0065
idiot,0.0065
misleading,0.0065
therebr,0.0065
hundreds,0.0065
sold,0.0065
henry,0.0065
prepared,0.0065
wallace,0.0065
