wife,0.067
main,0.0665
remember,0.066
nice,0.0655
enjoyed,0.0655
amazing,0.0655
lives,0.065
looks,0.065
liked,0.065
highly,0.0645
friends,0.0645
girl,0.0645
audience,0.064
mind,0.064
top,0.064
truly,0.0635
overall,0.0635
sense,0.063
trying,0.063
short,0.0625
rest,0.0625
picture,0.062
else,0.0615
couple,0.061
book,0.061
minutes,0.061
throughout,0.06
human,0.059
hollywood,0.059
start,0.059
favorite,0.0585
play,0.0585
shot,0.0585
idea,0.0585
kids,0.058
wasnt,0.058
brilliant,0.0575
house,0.0575
entertaining,0.0575
actor,0.057
star,0.057
home,0.0565
able,0.0565
women,0.0565
past,0.0565
soon,0.0565
moments,0.056
read,0.056
sometimes,0.056
based,0.0555
understand,0.055
living,0.055
final,0.055
maybe,0.0545
strong,0.0545
dark,0.0545
heart,0.0545
money,0.054
try,0.0535
youre,0.0535
fine,0.053
tell,0.053
simply,0.053
james,0.053
episode,0.053
stars,0.0525
fans,0.0525
production,0.0525
wrong,0.0525
written,0.052
playing,0.052
cinema,0.052
wont,0.0515
reason,0.0515
stories,0.051
sort,0.051
version,0.051
completely,0.051
line,0.051
hope,0.0505
boy,0.05
camera,0.0495
absolutely,0.0495
doing,0.0495
instead,0.049
coming,0.049
viewer,0.049
getting,0.0485
death,0.0485
beginning,0.0485
lost,0.048
fantastic,0.048
friend,0.048
history,0.048
head,0.0475
yes,0.047
video,0.047
despite,0.047
eyes,0.047
themselves,0.047
black,0.0465
style,0.0465
drama,0.046
genre,0.046
humor,0.046
enjoyable,0.046
late,0.046
lead,0.0455
art,0.0455
heard,0.0455
id,0.0455
jack,0.0455
directed,0.045
example,0.0445
violence,0.0445
days,0.044
relationship,0.044
finally,0.044
somewhat,0.044
direction,0.0435
told,0.0435
sound,0.0435
totally,0.0435
person,0.043
youll,0.043
moving,0.043
including,0.0425
piece,0.0425
feeling,0.0425
called,0.0425
supporting,0.0425
white,0.0425
roles,0.042
school,0.0415
released,0.0415
children,0.0415
matter,0.041
ones,0.041
shown,0.041
child,0.0405
chance,0.0405
opinion,0.0405
moment,0.0405
attention,0.0405
lines,0.0405
mean,0.0405
cool,0.0405
romantic,0.0405
events,0.04
oscar,0.04
ago,0.04
experience,0.04
title,0.04
episodes,0.04
close,0.0395
thriller,0.0395
city,0.0395
quality,0.0395
stuff,0.0395
laugh,0.0395
superb,0.039
run,0.039
entire,0.039
documentary,0.039
extremely,0.039
famous,0.039
father,0.039
tony,0.039
memorable,0.0385
thinking,0.0385
happen,0.0385
hand,0.038
happened,0.038
simple,0.038
brought,0.038
eye,0.038
evil,0.038
british,0.038
hilarious,0.038
killer,0.0375
expect,0.0375
exactly,0.0375
usual,0.037
dialogue,0.037
kid,0.037
dead,0.037
sets,0.0365
forget,0.0365
change,0.0365
personal,0.0365
score,0.0365
guess,0.0365
husband,0.0365
musical,0.0365
entertainment,0.036
war,0.036
name,0.036
fight,0.036
due,0.036
reality,0.036
tells,0.036
anyway,0.036
starts,0.036
perfectly,0.036
leads,0.036
realistic,0.0355
leave,0.0355
form,0.0355
comic,0.0355
half,0.0355
particularly,0.0355
french,0.0355
power,0.0355
type,0.0355
easy,0.0355
budget,0.0355
viewers,0.0355
viewing,0.0355
hell,0.035
cinematography,0.035
similar,0.035
guys,0.035
couldnt,0.035
atmosphere,0.0345
wish,0.0345
usually,0.0345
etc,0.0345
huge,0.0345
happy,0.0345
happens,0.0345
mother,0.034
strange,0.034
writing,0.034
itbr,0.034
care,0.034
words,0.0335
doubt,0.0335
television,0.0335
english,0.0335
deal,0.0335
meets,0.033
believable,0.033
york,0.033
obvious,0.033
recommended,0.033
ill,0.033
sex,0.033
involved,0.033
surprised,0.033
theme,0.033
sad,0.033
miss,0.0325
serious,0.0325
talking,0.0325
girls,0.0325
soundtrack,0.0325
call,0.0325
shes,0.0325
truth,0.0325
reading,0.032
flick,0.032
beauty,0.032
daughter,0.032
game,0.032
started,0.032
age,0.032
nearly,0.032
light,0.032
street,0.0315
actress,0.0315
hear,0.0315
modern,0.0315
taking,0.0315
crime,0.0315
joe,0.031
parents,0.031
tries,0.031
romance,0.031
yourself,0.031
david,0.031
hours,0.031
situation,0.031
deep,0.031
theyre,0.0305
suspense,0.0305
talent,0.0305
hit,0.0305
sequences,0.0305
beyond,0.0305
sequence,0.0305
town,0.0305
check,0.0305
surprise,0.0305
lady,0.03
view,0.03
easily,0.03
named,0.03
except,0.03
low,0.03
career,0.03
act,0.03
unique,0.03
means,0.03
havent,0.03
magic,0.03
lots,0.03
michael,0.03
using,0.0295
society,0.0295
recent,0.0295
create,0.0295
buy,0.0295
level,0.0295
major,0.0295
five,0.0295
kill,0.029
move,0.029
impressive,0.029
comments,0.029
emotional,0.029
gone,0.029
brings,0.029
recently,0.029
beautifully,0.029
body,0.029
middle,0.029
future,0.0285
giving,0.0285
leaves,0.0285
leading,0.0285
feels,0.0285
add,0.0285
elements,0.0285
powerful,0.0285
whom,0.0285
follow,0.0285
wouldnt,0.0285
local,0.0285
stop,0.028
incredible,0.028
god,0.028
unfortunately,0.028
murder,0.028
realize,0.028
obviously,0.028
dream,0.028
king,0.0275
typical,0.0275
slow,0.0275
nature,0.0275
talk,0.0275
scary,0.0275
hour,0.0275
portrayed,0.0275
hold,0.0275
word,0.0275
setting,0.0275
message,0.0275
unlike,0.027
meet,0.027
voice,0.027
moviebr,0.027
plenty,0.027
decided,0.027
bring,0.027
fantasy,0.027
sister,0.027
solid,0.027
male,0.027
learn,0.027
son,0.027
exciting,0.027
stephen,0.027
creepy,0.0265
eventually,0.0265
editing,0.0265
poor,0.0265
apart,0.0265
filmbr,0.0265
created,0.0265
intelligent,0.0265
stand,0.0265
crazy,0.0265
subject,0.0265
songs,0.0265
oh,0.026
stage,0.026
mystery,0.026
release,0.026
thanks,0.026
hero,0.026
police,0.026
boring,0.026
arent,0.026
theater,0.026
country,0.026
rock,0.026
acted,0.026
car,0.026
novel,0.026
features,0.026
cut,0.0255
expected,0.0255
plus,0.0255
stay,0.0255
period,0.0255
towards,0.0255
quickly,0.0255
touching,0.0255
song,0.0255
class,0.0255
fast,0.0255
adventure,0.0255
ok,0.0255
married,0.0255
missed,0.0255
william,0.0255
animation,0.0255
running,0.0255
pace,0.0255
former,0.025
touch,0.025
familiar,0.025
killed,0.025
shots,0.025
outstanding,0.025
masterpiece,0.025
material,0.025
effective,0.025
youve,0.025
compared,0.0245
jokes,0.0245
fall,0.0245
saying,0.0245
near,0.0245
review,0.0245
moves,0.0245
complete,0.0245
inside,0.0245
rating,0.0245
agree,0.0245
effect,0.0245
following,0.0245
particular,0.0245
america,0.0245
fit,0.0245
brothers,0.0245
complex,0.0245
season,0.0245
red,0.0245
themes,0.0245
filmed,0.0245
popular,0.024
audiences,0.024
tale,0.024
visual,0.024
die,0.024
note,0.024
begins,0.024
falls,0.024
indeed,0.024
knowing,0.024
deserves,0.024
feature,0.024
de,0.024
george,0.0235
ultimately,0.0235
decides,0.0235
reviews,0.0235
pure,0.0235
edge,0.0235
team,0.0235
caught,0.0235
hate,0.0235
gorgeous,0.0235
earlier,0.0235
stands,0.0235
stunning,0.0235
robert,0.0235
business,0.0235
reasons,0.0235
manages,0.0235
air,0.0235
imagine,0.0235
screenplay,0.023
actual,0.023
feelings,0.023
wonder,0.023
odd,0.023
portrayal,0.023
tough,0.023
baby,0.023
success,0.023
adult,0.023
difficult,0.023
fascinating,0.023
subtle,0.023
sexy,0.023
al,0.023
surprisingly,0.023
space,0.023
sounds,0.023
free,0.0225
ten,0.0225
single,0.0225
language,0.0225
decent,0.0225
development,0.0225
awesome,0.0225
chemistry,0.0225
personally,0.0225
pay,0.0225
mention,0.0225
charming,0.0225
humour,0.0225
somehow,0.0225
brother,0.0225
clever,0.0225
boys,0.022
please,0.022
reminded,0.022
kept,0.022
various,0.022
storyline,0.022
female,0.022
won,0.022
involving,0.022
appear,0.022
produced,0.022
straight,0.022
lack,0.022
mentioned,0.022
wild,0.022
singing,0.022
laughs,0.022
dramatic,0.0215
serial,0.0215
sexual,0.0215
peter,0.0215
compelling,0.0215
supposed,0.0215
whats,0.0215
credit,0.0215
bill,0.0215
save,0.0215
wait,0.0215
crew,0.0215
master,0.0215
era,0.0215
disappointed,0.0215
immediately,0.0215
gem,0.0215
appears,0.0215
incredibly,0.0215
spirit,0.0215
fresh,0.0215
th,0.0215
available,0.0215
dancing,0.0215
none,0.021
williams,0.021
nor,0.021
directors,0.021
terrific,0.021
rate,0.021
alive,0.021
sit,0.021
twice,0.021
date,0.021
figure,0.021
meant,0.021
cute,0.021
convincing,0.021
basically,0.021
company,0.021
detective,0.021
proves,0.021
sequel,0.021
plan,0.0205
predictable,0.0205
hands,0.0205
ben,0.0205
appreciate,0.0205
filmmakers,0.0205
thoroughly,0.0205
lovely,0.0205
social,0.0205
equally,0.0205
fairly,0.0205
slightly,0.0205
silly,0.0205
background,0.0205
telling,0.0205
sweet,0.0205
public,0.0205
copy,0.0205
natural,0.0205
violent,0.0205
outside,0.0205
dog,0.0205
pacino,0.0205
rich,0.02
possibly,0.02
writers,0.02
runs,0.02
disturbing,0.02
charm,0.02
amusing,0.02
dance,0.02
biggest,0.02
minute,0.02
earth,0.02
terrible,0.02
finest,0.02
artist,0.02
search,0.02
todays,0.02
jane,0.02
whos,0.02
trouble,0.02
successful,0.02
shocking,0.02
control,0.02
finding,0.02
party,0.02
secret,0.0195
moved,0.0195
images,0.0195
win,0.0195
gore,0.0195
cheesy,0.0195
twists,0.0195
consider,0.0195
villain,0.0195
escape,0.0195
ideas,0.0195
jim,0.0195
offers,0.019
result,0.019
cry,0.019
amount,0.019
impact,0.019
inspired,0.019
tension,0.019
wrote,0.019
sorry,0.019
dreams,0.019
honest,0.019
footage,0.019
directing,0.019
willing,0.019
wonderfully,0.019
animals,0.019
catch,0.019
favourite,0.019
credits,0.019
accent,0.019
hidden,0.019
apparently,0.019
edie,0.019
news,0.0185
question,0.0185
helps,0.0185
constantly,0.0185
include,0.0185
literally,0.0185
aspect,0.0185
trip,0.0185
monster,0.0185
dialog,0.0185
emotions,0.0185
share,0.0185
tragic,0.0185
entirely,0.0185
deeply,0.0185
front,0.0185
rare,0.0185
manner,0.0185
slowly,0.0185
surprising,0.0185
central,0.0185
treat,0.0185
genius,0.0185
brian,0.0185
writer,0.018
comedies,0.018
suddenly,0.018
cult,0.018
looked,0.018
issues,0.018
expecting,0.018
effort,0.018
intense,0.018
thank,0.018
critics,0.018
talented,0.018
fair,0.018
tears,0.018
hot,0.018
focus,0.018
aside,0.018
water,0.018
bruce,0.018
pass,0.018
finish,0.018
seriously,0.018
week,0.018
paul,0.018
jennifer,0.018
includes,0.018
dick,0.018
danny,0.018
hoffman,0.018
pictures,0.0175
comedic,0.0175
starring,0.0175
engaging,0.0175
notice,0.0175
psychological,0.0175
concept,0.0175
average,0.0175
information,0.0175
admit,0.0175
previous,0.0175
waiting,0.0175
pieces,0.0175
color,0.0175
attempt,0.0175
hardly,0.0175
glad,0.0175
match,0.0175
compare,0.0175
common,0.0175
becoming,0.0175
return,0.0175
tried,0.0175
twist,0.0175
fear,0.0175
impossible,0.0175
bought,0.0175
tone,0.0175
scenery,0.0175
situations,0.0175
gangster,0.0175
girlfriend,0.0175
worse,0.0175
respect,0.0175
blood,0.0175
plane,0.0175
train,0.0175
hasnt,0.0175
games,0.0175
relationships,0.0175
stupid,0.017
third,0.017
otherwise,0.017
loves,0.017
imagination,0.017
shouldnt,0.017
la,0.017
mainly,0.017
break,0.017
costumes,0.017
memory,0.017
whatever,0.017
tragedy,0.017
values,0.017
addition,0.017
managed,0.017
value,0.017
shame,0.017
spectacular,0.017
forced,0.017
fire,0.017
century,0.017
contains,0.017
track,0.017
provides,0.017
morgan,0.017
uncle,0.017
considered,0.0165
rent,0.0165
gay,0.0165
personality,0.0165
climax,0.0165
friendship,0.0165
allowed,0.0165
flaws,0.0165
conclusion,0.0165
force,0.0165
died,0.0165
box,0.0165
innocent,0.0165
flying,0.0165
considering,0.0165
opportunity,0.0165
desire,0.0165
choice,0.0165
growing,0.0165
london,0.0165
walk,0.0165
terms,0.0165
rachel,0.0165
cartoon,0.0165
mark,0.0165
england,0.0165
boss,0.016
born,0.016
bizarre,0.016
met,0.016
follows,0.016
added,0.016
childhood,0.016
filled,0.016
annoying,0.016
decide,0.016
total,0.016
lovers,0.016
books,0.016
adaptation,0.016
cold,0.016
adults,0.016
depth,0.016
approach,0.016
impressed,0.016
system,0.016
begin,0.016
spoilers,0.016
midnight,0.016
dustin,0.016
premise,0.0155
lose,0.0155
questions,0.0155
brilliantly,0.0155
event,0.0155
presence,0.0155
captures,0.0155
adds,0.0155
bunch,0.0155
weak,0.0155
worst,0.0155
ready,0.0155
oscars,0.0155
imdb,0.0155
creates,0.0155
sight,0.0155
leaving,0.0155
six,0.0155
developed,0.0155
meaning,0.0155
paris,0.0155
forever,0.0155
creative,0.0155
haunting,0.0155
process,0.0155
acts,0.0155
remains,0.0155
likes,0.0155
jones,0.0155
forward,0.0155
mary,0.0155
ladies,0.0155
delightful,0.0155
chris,0.0155
featuring,0.0155
sitting,0.0155
falling,0.0155
comment,0.0155
jeremy,0.0155
normal,0.0155
fighting,0.015
attempts,0.015
listen,0.015
minor,0.015
content,0.015
scifi,0.015
appeal,0.015
unusual,0.015
office,0.015
forgotten,0.015
killing,0.015
appearance,0.015
ages,0.015
ahead,0.015
utterly,0.015
unexpected,0.015
filming,0.015
road,0.015
battle,0.015
followed,0.015
finished,0.015
band,0.015
loud,0.015
negative,0.015
deals,0.015
weird,0.015
russian,0.015
wit,0.015
realism,0.015
building,0.015
rea,0.015
gene,0.015
sick,0.0145
robin,0.0145
onto,0.0145
helped,0.0145
award,0.0145
exception,0.0145
likable,0.0145
super,0.0145
sadly,0.0145
ride,0.0145
survive,0.0145
suicide,0.0145
record,0.0145
capture,0.0145
fellow,0.0145
okay,0.0145
key,0.0145
colors,0.0145
government,0.0145
energy,0.0145
nicely,0.0145
hey,0.0145
store,0.0145
victims,0.0145
superbly,0.0145
grace,0.0145
horrible,0.0145
ground,0.0145
laughing,0.0145
collection,0.0145
reporter,0.0145
simon,0.0145
kelly,0.0145
cause,0.014
flat,0.014
speaking,0.014
perspective,0.014
introduced,0.014
damn,0.014
held,0.014
casting,0.014
giant,0.014
zero,0.014
journey,0.014
adventures,0.014
ability,0.014
visit,0.014
families,0.014
disney,0.014
reminds,0.014
support,0.014
pain,0.014
christopher,0.014
speak,0.014
remarkable,0.014
smile,0.014
michelle,0.014
producer,0.014
frank,0.014
elvira,0.014
italian,0.014
delivers,0.014
dealing,0.014
tarzan,0.014
months,0.014
australian,0.014
streets,0.0135
sent,0.0135
confused,0.0135
dangerous,0.0135
academy,0.0135
trust,0.0135
strength,0.0135
cheap,0.0135
mood,0.0135
detail,0.0135
gripping,0.0135
dies,0.0135
marriage,0.0135
photography,0.0135
build,0.0135
superior,0.0135
appeared,0.0135
festival,0.0135
realized,0.0135
captured,0.0135
gritty,0.0135
changes,0.0135
traditional,0.0135
jungle,0.0135
political,0.0135
opposite,0.0135
originally,0.0135
understanding,0.0135
list,0.0135
element,0.0135
media,0.0135
offer,0.0135
powers,0.0135
animated,0.0135
cowboy,0.0135
loving,0.0135
richard,0.0135
manager,0.0135
donald,0.0135
northam,0.0135
wall,0.013
underrated,0.013
storybr,0.013
awards,0.013
genuinely,0.013
existence,0.013
generation,0.013
struggle,0.013
carry,0.013
mysterious,0.013
discover,0.013
mine,0.013
drug,0.013
discovered,0.013
awful,0.013
nevertheless,0.013
learned,0.013
regular,0.013
taste,0.013
missing,0.013
wearing,0.013
intended,0.013
meanwhile,0.013
artistic,0.013
shock,0.013
purpose,0.013
aspects,0.013
cover,0.013
chinese,0.013
station,0.013
extreme,0.013
rated,0.013
singer,0.013
spend,0.013
influence,0.013
source,0.013
sharp,0.013
timebr,0.013
green,0.013
keeping,0.013
funniest,0.013
independent,0.013
makeup,0.013
accident,0.013
results,0.013
dr,0.013
brief,0.013
quiet,0.013
lived,0.013
fake,0.013
relatively,0.013
smart,0.013
double,0.013
witty,0.013
prison,0.013
jesse,0.013
mgm,0.013
ray,0.013
alan,0.013
hotel,0.013
flight,0.0125
warren,0.0125
titanic,0.0125
crap,0.0125
reveals,0.0125
inner,0.0125
constant,0.0125
fashion,0.0125
neither,0.0125
seasons,0.0125
stick,0.0125
surely,0.0125
nowadays,0.0125
killers,0.0125
scream,0.0125
silent,0.0125
magnificent,0.0125
satisfying,0.0125
basic,0.0125
bed,0.0125
china,0.0125
opera,0.0125
pleasant,0.0125
unlikely,0.0125
skills,0.0125
levels,0.0125
martin,0.0125
hurt,0.0125
round,0.0125
japanese,0.0125
debut,0.0125
locations,0.0125
hair,0.0125
design,0.0125
handsome,0.0125
spot,0.0125
anymore,0.0125
explain,0.0125
angels,0.0125
thief,0.0125
powell,0.0125
fell,0.0125
musicals,0.0125
food,0.0125
glover,0.0125
woody,0.0125
lemmon,0.0125
mixed,0.012
hitchcock,0.012
decade,0.012
shooting,0.012
quick,0.012
occasionally,0.012
led,0.012
cat,0.012
allen,0.012
kate,0.012
ship,0.012
answer,0.012
motion,0.012
rarely,0.012
billy,0.012
emotion,0.012
barely,0.012
emotionally,0.012
saving,0.012
memories,0.012
princess,0.012
grew,0.012
wide,0.012
concerned,0.012
pleasure,0.012
surreal,0.012
study,0.012
artists,0.012
kong,0.012
culture,0.012
criminal,0.012
location,0.012
stone,0.012
pair,0.012
youd,0.012
heavy,0.012
lies,0.012
professional,0.012
bloody,0.012
fiction,0.012
unknown,0.012
johnny,0.012
contrast,0.012
camp,0.012
europe,0.012
van,0.012
dull,0.012
remake,0.012
lee,0.012
training,0.012
self,0.012
joan,0.012
heads,0.012
student,0.012
nicole,0.012
buck,0.012
sopranos,0.012
matthau,0.012
succeeds,0.0115
thrown,0.0115
pull,0.0115
drawn,0.0115
physical,0.0115
land,0.0115
prove,0.0115
radio,0.0115
refreshing,0.0115
intriguing,0.0115
relate,0.0115
difference,0.0115
ridiculous,0.0115
mustsee,0.0115
rings,0.0115
historical,0.0115
luck,0.0115
stuck,0.0115
cinematic,0.0115
tea,0.0115
learns,0.0115
nude,0.0115
insight,0.0115
california,0.0115
moral,0.0115
theatre,0.0115
details,0.0115
majority,0.0115
bringing,0.0115
grow,0.0115
context,0.0115
lucky,0.0115
taylor,0.0115
current,0.0115
mansion,0.0115
owner,0.0115
dances,0.0115
holds,0.0115
absolute,0.0115
justice,0.0115
essential,0.0115
hits,0.0115
focuses,0.0115
hbo,0.0115
golden,0.0115
faith,0.0115
write,0.0115
law,0.0115
changed,0.0115
limited,0.0115
seemingly,0.0115
potential,0.0115
arts,0.0115
mix,0.0115
horse,0.0115
joy,0.0115
pick,0.0115
spy,0.0115
eric,0.0115
bob,0.0115
vincenzo,0.0115
voight,0.0115
computer,0.011
nominated,0.011
desperate,0.011
mom,0.011
canadian,0.011
apparent,0.011
identity,0.011
deeper,0.011
channel,0.011
million,0.011
lesson,0.011
lord,0.011
remembered,0.011
blind,0.011
strongly,0.011
genuine,0.011
accurate,0.011
suppose,0.011
proved,0.011
unfortunate,0.011
dated,0.011
board,0.011
blue,0.011
humanity,0.011
failed,0.011
morning,0.011
spent,0.011
winning,0.011
picked,0.011
folks,0.011
provide,0.011
portraying,0.011
received,0.011
hopes,0.011
henry,0.011
naive,0.011
warm,0.011
starting,0.011
continue,0.011
elephant,0.011
latter,0.011
center,0.011
loose,0.011
happening,0.011
uk,0.011
pilot,0.011
affair,0.011
torture,0.011
graphic,0.011
walking,0.011
fare,0.011
besides,0.011
oneliners,0.011
continues,0.011
freedom,0.011
thin,0.011
helping,0.011
walter,0.011
finale,0.011
andy,0.011
merely,0.011
dad,0.011
numerous,0.011
baseball,0.011
felix,0.011
blondell,0.011
studio,0.011
attractive,0.011
aunt,0.011
australia,0.011
sam,0.011
cagney,0.011
arthur,0.011
murphy,0.011
lonely,0.011
jon,0.011
ratso,0.011
beatty,0.011
project,0.0105
connection,0.0105
site,0.0105
classics,0.0105
clothes,0.0105
actions,0.0105
fails,0.0105
deadly,0.0105
naturally,0.0105
apartment,0.0105
dying,0.0105
grown,0.0105
youth,0.0105
brutal,0.0105
decades,0.0105
pacing,0.0105
suspenseful,0.0105
partner,0.0105
phone,0.0105
seven,0.0105
disaster,0.0105
godfather,0.0105
impression,0.0105
kinda,0.0105
pulled,0.0105
fate,0.0105
louis,0.0105
path,0.0105
depicted,0.0105
creating,0.0105
accept,0.0105
account,0.0105
extent,0.0105
performed,0.0105
treatment,0.0105
delight,0.0105
summer,0.0105
technical,0.0105
grey,0.0105
carried,0.0105
guilty,0.0105
portrait,0.0105
reminiscent,0.0105
sisters,0.0105
heroes,0.0105
gang,0.0105
naked,0.0105
whenever,0.0105
positive,0.0105
community,0.0105
clean,0.0105
twisted,0.0105
attitude,0.0105
ultimate,0.0105
raw,0.0105
church,0.0105
extraordinary,0.0105
skin,0.0105
direct,0.0105
charlie,0.0105
combination,0.0105
prime,0.0105
ie,0.0105
students,0.0105
frame,0.0105
france,0.0105
suggest,0.0105
attack,0.0105
deliver,0.0105
laughed,0.0105
tired,0.0105
streep,0.0105
filmmaking,0.0105
outbr,0.0105
lloyd,0.0105
pet,0.0105
leslie,0.01
paced,0.01
reach,0.01
returns,0.01
lisa,0.01
players,0.01
wellbr,0.01
seat,0.01
meeting,0.01
discovers,0.01
ring,0.01
expectations,0.01
lighting,0.01
matters,0.01
courage,0.01
reveal,0.01
experiences,0.01
religious,0.01
tom,0.01
hatred,0.01
reaction,0.01
bond,0.01
forces,0.01
peoples,0.01
gotten,0.01
overly,0.01
victim,0.01
recall,0.01
touched,0.01
stays,0.01
western,0.01
length,0.01
included,0.01
himbr,0.01
wow,0.01
ancient,0.01
whilst,0.01
therebr,0.01
individual,0.01
contemporary,0.01
appropriate,0.01
visually,0.01
described,0.01
breathtaking,0.01
villains,0.01
nd,0.01
product,0.01
anger,0.01
aware,0.01
haunted,0.01
lowbudget,0.01
darker,0.01
drive,0.01
fits,0.01
plans,0.01
supernatural,0.01
brave,0.01
revealed,0.01
joke,0.01
sings,0.01
narration,0.01
flicks,0.01
cartoons,0.01
attacks,0.01
separate,0.01
angel,0.01
vhs,0.01
mountain,0.01
unless,0.01
producers,0.01
steve,0.01
sports,0.01
carrey,0.01
fred,0.01
cousin,0.01
soprano,0.01
barbara,0.01
paltrow,0.01
natali,0.01
cube,0.01
ann,0.0095
vote,0.0095
losing,0.0095
fame,0.0095
angles,0.0095
wondering,0.0095
mental,0.0095
mediocre,0.0095
avoid,0.0095
nightmare,0.0095
draws,0.0095
portrays,0.0095
eccentric,0.0095
terror,0.0095
terrifying,0.0095
murdered,0.0095
heavily,0.0095
epic,0.0095
fictional,0.0095
flow,0.0095
dinner,0.0095
allows,0.0095
putting,0.0095
nasty,0.0095
visuals,0.0095
timeless,0.0095
winner,0.0095
believed,0.0095
bottom,0.0095
provided,0.0095
miles,0.0095
extra,0.0095
seeking,0.0095
viewed,0.0095
cynical,0.0095
conversation,0.0095
health,0.0095
bored,0.0095
patient,0.0095
makers,0.0095
americans,0.0095
river,0.0095
sophisticated,0.0095
poignant,0.0095
grand,0.0095
angry,0.0095
image,0.0095
colorful,0.0095
beat,0.0095
hugh,0.0095
painful,0.0095
bitter,0.0095
narrative,0.0095
sing,0.0095
lessons,0.0095
lacking,0.0095
soul,0.0095
texas,0.0095
tend,0.0095
weeks,0.0095
mob,0.0095
notable,0.0095
commentary,0.0095
chase,0.0095
quirky,0.0095
race,0.0095
jimmy,0.0095
elviras,0.0095
sheer,0.0095
jackie,0.0095
steven,0.0095
cable,0.0095
standard,0.0095
lucy,0.0095
turner,0.0095
meryl,0.0095
innocence,0.0095
brenda,0.0095
witch,0.0095
kidman,0.0095
sarah,0.0095
murders,0.0095
gandolfini,0.0095
sutherland,0.0095
neil,0.0095
caron,0.0095
tracy,0.0095
rival,0.009
alltime,0.009
citizen,0.009
complaint,0.009
price,0.009
vehicle,0.009
according,0.009
noticed,0.009
planning,0.009
ms,0.009
lover,0.009
chilling,0.009
evening,0.009
heaven,0.009
twenty,0.009
spoil,0.009
inspiring,0.009
theaters,0.009
chosen,0.009
legend,0.009
unbelievable,0.009
warner,0.009
cameron,0.009
plain,0.009
heartbreaking,0.009
flashback,0.009
names,0.009
flawless,0.009
rescue,0.009
aged,0.009
steal,0.009
afraid,0.009
range,0.009
count,0.009
dressed,0.009
reviewer,0.009
imagery,0.009
treated,0.009
fu,0.009
protagonist,0.009
hong,0.009
passed,0.009
print,0.009
references,0.009
storytelling,0.009
perfection,0.009
sadness,0.009
subtitles,0.009
rules,0.009
roger,0.009
sympathetic,0.009
horses,0.009
feet,0.009
island,0.009
criminals,0.009
shocked,0.009
relief,0.009
cop,0.009
indian,0.009
soft,0.009
inspiration,0.009
test,0.009
jr,0.009
driving,0.009
cell,0.009
thankfully,0.009
remain,0.009
covered,0.009
eating,0.009
depiction,0.009
bright,0.009
kinds,0.009
village,0.009
drag,0.009
bar,0.009
vision,0.009
cats,0.009
sleep,0.009
driven,0.009
hide,0.009
con,0.009
condition,0.009
adams,0.009
figures,0.009
christmas,0.009
trek,0.009
depression,0.009
batman,0.009
evidence,0.009
broadway,0.009
ian,0.009
conrad,0.009
magician,0.009
breath,0.009
sunrise,0.009
variety,0.009
cypher,0.009
focused,0.009
trapped,0.009
styles,0.009
serves,0.009
tonys,0.009
maureen,0.009
scoop,0.009
scarlett,0.009
divorce,0.0085
step,0.0085
molly,0.0085
treasure,0.0085
mad,0.0085
lovable,0.0085
entertained,0.0085
core,0.0085
unfolds,0.0085
correct,0.0085
toni,0.0085
backgrounds,0.0085
abuse,0.0085
exist,0.0085
horrific,0.0085
complain,0.0085
cuts,0.0085
broke,0.0085
legendary,0.0085
worthy,0.0085
flashbacks,0.0085
regret,0.0085
disbelief,0.0085
leo,0.0085
previously,0.0085
bates,0.0085
drawing,0.0085
continued,0.0085
exceptional,0.0085
delivered,0.0085
elizabeth,0.0085
marry,0.0085
passion,0.0085
hearts,0.0085
scared,0.0085
appreciated,0.0085
fathers,0.0085
display,0.0085
trade,0.0085
daughters,0.0085
sentimental,0.0085
native,0.0085
commercial,0.0085
format,0.0085
settings,0.0085
mans,0.0085
overlooked,0.0085
shoot,0.0085
initial,0.0085
intelligence,0.0085
department,0.0085
burning,0.0085
dealt,0.0085
efforts,0.0085
don,0.0085
industry,0.0085
suit,0.0085
weve,0.0085
stock,0.0085
kills,0.0085
west,0.0085
gangsters,0.0085
ruthless,0.0085
kicks,0.0085
sleazy,0.0085
realizes,0.0085
notorious,0.0085
doctor,0.0085
gold,0.0085
mature,0.0085
worlds,0.0085
college,0.0085
imaginative,0.0085
throw,0.0085
candy,0.0085
ensemble,0.0085
tight,0.0085
roll,0.0085
repeated,0.0085
park,0.0085
player,0.0085
contain,0.0085
ran,0.0085
kennedy,0.0085
pulls,0.0085
douglas,0.0085
harry,0.0085
shop,0.0085
foster,0.0085
mistress,0.0085
martial,0.0085
jay,0.0085
mario,0.0085
shines,0.0085
freeman,0.0085
carries,0.0085
jean,0.0085
guilt,0.0085
scarface,0.0085
designed,0.0085
pity,0.0085
glory,0.0085
emma,0.0085
ruby,0.0085
keeler,0.0085
dancer,0.0085
africa,0.0085
chaplin,0.0085
drugs,0.0085
walls,0.0085
goldsworthy,0.0085
mcadams,0.0085
cillian,0.0085
madonna,0.0085
jackman,0.0085
month,0.008
directly,0.008
lights,0.008
tape,0.008
sudden,0.008
dramas,0.008
prepared,0.008
darkness,0.008
cares,0.008
steals,0.008
touches,0.008
outcome,0.008
jump,0.008
mission,0.008
horrifying,0.008
genres,0.008
dollars,0.008
talked,0.008
rose,0.008
calls,0.008
husbands,0.008
unrealistic,0.008
dry,0.008
teenage,0.008
searching,0.008
importance,0.008
practically,0.008
saved,0.008
european,0.008
andrew,0.008
thomas,0.008
hearing,0.008
expert,0.008
develop,0.008
carrying,0.008
nudity,0.008
standards,0.008
kung,0.008
achieved,0.008
market,0.008
stellar,0.008
intensity,0.008
friendly,0.008
united,0.008
expressions,0.008
massive,0.008
photographed,0.008
carefully,0.008
corny,0.008
manage,0.008
pleased,0.008
club,0.008
window,0.008
rented,0.008
cops,0.008
britain,0.008
chaos,0.008
comparison,0.008
par,0.008
fights,0.008
rough,0.008
praise,0.008
card,0.008
spots,0.008
clichs,0.008
granted,0.008
sequels,0.008
routine,0.008
hadnt,0.008
curious,0.008
honestly,0.008
lighthearted,0.008
noted,0.008
trailer,0.008
ingredients,0.008
private,0.008
brain,0.008
chuck,0.008
ii,0.008
adapted,0.008
tiny,0.008
ironic,0.008
produce,0.008
mate,0.008
noir,0.008
seek,0.008
dave,0.008
featured,0.008
glimpse,0.008
breaking,0.008
types,0.008
kiss,0.008
eight,0.008
sea,0.008
excitement,0.008
position,0.008
suffering,0.008
appealing,0.008
agent,0.008
speaks,0.008
alexander,0.008
thembr,0.008
profound,0.008
network,0.008
rocks,0.008
football,0.008
september,0.008
russell,0.008
filmmaker,0.008
vincent,0.008
program,0.008
mistake,0.008
builds,0.008
gwyneth,0.008
believes,0.008
venoms,0.008
stallone,0.008
rizzo,0.008
postman,0.008
johansson,0.008
craven,0.008
montana,0.008
tender,0.0075
technology,0.0075
unnecessary,0.0075
psycho,0.0075
initially,0.0075
actresses,0.0075
changing,0.0075
causes,0.0075
pop,0.0075
delivery,0.0075
obsession,0.0075
bits,0.0075
deserved,0.0075
officer,0.0075
frankly,0.0075
marvelous,0.0075
st,0.0075
wind,0.0075
convince,0.0075
bother,0.0075
amazed,0.0075
victor,0.0075
captain,0.0075
forgot,0.0075
surprises,0.0075
brilliance,0.0075
trash,0.0075
strike,0.0075
wealthy,0.0075
essentially,0.0075
spite,0.0075
describe,0.0075
cost,0.0075
technically,0.0075
gain,0.0075
judge,0.0075
celine,0.0075
stopped,0.0075
capable,0.0075
teenagers,0.0075
offered,0.0075
hoping,0.0075
spoiler,0.0075
letting,0.0075
explore,0.0075
scott,0.0075
masks,0.0075
performer,0.0075
advice,0.0075
talents,0.0075
join,0.0075
everyday,0.0075
welcome,0.0075
proud,0.0075
quote,0.0075
crafted,0.0075
blockbuster,0.0075
sun,0.0075
humans,0.0075
hooked,0.0075
propaganda,0.0075
definite,0.0075
mass,0.0075
mainstream,0.0075
breaks,0.0075
harsh,0.0075
badly,0.0075
protect,0.0075
balance,0.0075
prefer,0.0075
leader,0.0075
complicated,0.0075
stylish,0.0075
handled,0.0075
wedding,0.0075
tree,0.0075
loses,0.0075
burned,0.0075
picks,0.0075
wear,0.0075
wise,0.0075
aka,0.0075
primary,0.0075
sell,0.0075
screening,0.0075
christian,0.0075
blonde,0.0075
jesus,0.0075
againbr,0.0075
widely,0.0075
favorites,0.0075
blown,0.0075
voices,0.0075
theatrical,0.0075
army,0.0075
allow,0.0075
structure,0.0075
occurs,0.0075
fortunately,0.0075
cruel,0.0075
happiness,0.0075
lifestyle,0.0075
